,created_at,updated_at,run_id,status,conclusion,run_duration,test_id
6,2022-12-07T18:31:58Z,2022-12-07T18:32:24Z,3641771061,completed,failure,26.0,37149895
10,2023-02-28T22:45:54Z,2023-02-28T22:46:15Z,4298088193,completed,failure,21.0,37149895
9,2023-02-28T22:46:09Z,2023-02-28T22:46:28Z,4298089677,completed,failure,19.0,37149895
0,2023-03-21T16:47:53Z,2023-03-21T16:48:13Z,4481655583,completed,failure,20.0,37149895
6,2023-03-02T18:04:52Z,2023-03-02T18:05:16Z,4316905396,completed,failure,24.0,37149895
11,2023-01-27T19:24:04Z,2023-01-27T19:24:24Z,4027543348,completed,failure,20.0,37149895
8,2023-02-03T09:42:58Z,2023-02-03T09:43:17Z,4082944163,completed,failure,19.0,37149895
13,2023-02-28T22:21:25Z,2023-02-28T22:21:47Z,4297918780,completed,failure,22.0,37149895
4,2022-12-14T21:31:32Z,2022-12-14T21:31:54Z,3698893103,completed,failure,22.0,37149895
9,2023-02-01T00:43:11Z,2023-02-01T00:43:33Z,4059722813,completed,failure,22.0,37149895
3,2023-03-08T18:30:49Z,2023-03-08T18:31:09Z,4367384743,completed,failure,20.0,37149895
7,2023-03-01T21:59:14Z,2023-03-01T21:59:34Z,4308323161,completed,failure,20.0,37149895
1,2023-03-10T00:46:35Z,2023-03-10T00:46:58Z,4380181662,completed,failure,23.0,37149895
5,2023-03-07T00:15:21Z,2023-03-07T00:15:45Z,4349244962,completed,failure,24.0,37149895
12,2023-01-27T18:46:04Z,2023-01-27T18:46:23Z,4027296013,completed,failure,19.0,37149895
11,2022-12-07T18:04:25Z,2022-12-07T18:04:56Z,3641564310,completed,failure,31.0,37149895
8,2023-03-01T21:58:13Z,2023-03-01T21:58:36Z,4308317086,completed,failure,23.0,37149895
10,2023-01-27T20:40:07Z,2023-01-27T20:40:32Z,4028022963,completed,failure,25.0,37149895
12,2023-02-28T22:42:30Z,2023-02-28T22:42:51Z,4298069625,completed,failure,21.0,37149895
23,2023-01-12T18:04:21Z,2023-01-12T18:05:16Z,3904825515,completed,failure,55.0,37149895
14,2023-01-27T18:12:03Z,2023-01-27T18:12:26Z,4027063156,completed,failure,23.0,37149895
7,2023-02-06T20:00:34Z,2023-02-06T20:00:53Z,4107418861,completed,failure,19.0,37149895
3,2022-12-14T21:33:43Z,2022-12-14T21:34:08Z,3698907662,completed,failure,25.0,37149895
4,2023-03-08T17:54:38Z,2023-03-08T17:55:03Z,4367097168,completed,failure,25.0,37149895
